"Line","","","CS84871","CS84872","CS84876","CS84877","CS84878","CS84879","CS84880","CS84881","CS84882","CS84883","CS84884","CS84885","CS84886","CS84887","CS84888","CS84889","CS84890","CS84891","CS84892","CS84893","CS84894","CS84895","CS84896","CS84897","CS84898","CS84899","CS84900","CS84901","CS84903","CS84905","CS84906","CS84908","CS84909","CS84911","CS84913","CS84915","CS84916","CS84918","CS84919","CS84920","CS84921","CS84922","CS84923","CS84926","CS84927","CS84928","CS84929","CS84931","CS84932","CS84933","CS84934","CS84935","CS84936","CS84937","CS84938","CS84939","CS84941","CS84942","CS84943","CS84944","CS84946","CS84948","CS84949","CS84950","CS84951","CS84952","CS84953","CS84954","CS84955","CS84956","CS84957","CS84958","CS84960","CS84961","CS84962","CS84963","CS84964","CS84965","CS84966","CS84967","CS84968","CS84969","CS84971","CS84972","CS84973","CS84975","CS84976","CS84977","CS84978","CS84979","CS84980","CS84982","CS84983","CS84984","CS84985","CS84986","CS84987","CS84988","CS84989","CS84990","CS84994","CS84995","CS84996","CS84997","CS84998"
"nga59",1,0,"B",-,"B","A","H","A","B","B","B",-,"B","B","B","A","B","B","B","A","B","B","B","B","B","B","B","B","A","A","B","B","A","B",-,"B","B","B","B","H","B","A","B","A","A","B","B","H","B","H","A","A","B","B","A","B","B","B","A","A","B","B",-,"B",-,-,"B","B",-,"B",-,"B","A","B","A","A","A","A","A","B","B","A","A","B","B","B","A",-,"A","B","B","B","B","A","B","A","H","B","A","B","B","A","B","A","B","B","B"
"44606354",1,4.88,-,"B",-,-,"B","A","B","B","A","B","B","B","A","A","B",-,"B",-,"B",-,-,"H","B","B","B",-,"A",-,"B","B",-,"B","B","B","B","B",-,"A","B","A","B","A","A","B","B","B","B","B","A","A","B","B","A","B","B","B","A","A","B","B","B","B","B","B","B","B","B","B","A","B","A","B","B","A","A","B",-,-,"B","A","A","B","B","B","B","A","A","B","B","B","B","H","B","A","B","B","A","B",-,"A","B","A","B","B","B"
"1149096",1,6.68,"B","B","B","A","B","A","B","B","A","B","B","B","A","A","B","B","B","A","B","B","B","B","B","B","B","B","A","A","B","B","A","B","B","B","B","B","B","A","B","A","B","A","A","B","B","B","B","B","A","A","B","B","A",-,"B","B","A","A","B","B","B","B",-,"B","B","B","A","B","A","B","A","B","B","A","A","B","A","B","B","A","A","B","B","B",-,"A","B","A","B","B","B","A","B","A","B","B","A","B","B","A","B","A","B","B","B"
"t1g11",1,10.14,"B","B","B","A","H","A","B","B","A","B","B",-,"A","A","B","B","B","A","B","B","B","B","B","B","B",-,"A","A","B","B","A","B",-,"B","B","B","B","A","B","A","B","A","A","B","B","B","B","B","A","A","A","B","A","B","B","B","A","A","H","B",-,"B",-,-,"B","A",-,"B",-,"B","A","B","B","A","A","B","A","B","B","B","A","B","B","B","B","A","A","B","B","B","B","B","B","A","B","B","A","B","B","A","B","A","B","B","B"
"1601885",1,13.55,"B","B","B","A","B","A","B","B","A","B","B","B","A","A","B","B","B","A","B","B","B","B","B","B","B","B","A","A","B","B","A","B","B","B","B","B","B","A","B","A","B","B","A","B","B","B","B","B","A","A","B","B","A","B","B","B","A","A","B","B","B","B",-,"H","B","A","B","B",-,"B","A","B","B","A","A","B","A","B","B","A","A","B","B","B",-,"A","B","A","B","B","B","A","B","A","B","B","A","B","B","A","B","A","B","B","B"
"NGA63",1,19.46,"B","B","B","A","H","A","B","B","A","B","B","B","A","A","B","B","B","B","B","B","A","B","B","B",-,"B","A","A","B","B","A","B",-,"B",-,"B","B","B","B","A","B","B","A","B","B","B","B","B","A","A","A","B","A","B","B","B","A","A","B","B",-,"B",-,-,"B","A",-,"B",-,"B","A","B","B","A","B","B","A","B","B","B","A","B","B","B","B","A","A","B","B","B","B","B","B","A","A","B","A","B","B","A","B","A","B","B","B"
"44607315",1,24.14,-,"B","B",-,"B","A","B","B","A","B","B","B","A","A","B",-,"B","B","B",-,-,"H","B","B","B",-,"A","A","B","B",-,"B","B","B","A","B",-,"H","B","A","B","B","A","B",-,"B","B","B","A","A","B","B","B","B","B","B",-,"A","B","B","A","B","A","B","B","A","B","B","A","B","A","B",-,"A","B","B","A",-,"B","A","A",-,"B","B","B","A","A","B","B","B","B","H","B","B","A","B","B",-,-,"A","B","A","B","B","B"
"4142402",1,28.47,"B","B","B","A","B","A","B","B","A","B","B","B","A","B","B","B","B","A","B","B","A","B","B","B","B","B","A","A","B","B","A","B","B","B","A","B","B","A","B","A","B","B","A","B","B","B","B","B","A","A","B","B","B","B","B","B","B","A","B","B","A","B",-,"B","A","A","B","B","A","B","A","B","B","A","B","B","A","B","B","H","A","B","B","B",-,"A","B","A","B","B","B","A","B","B","A","B","B","B","B","A","B","A","B","B","B"
"5206479",1,31.64,"B","B","B","A","B","A","B","B","A","A","B","B","A","B","B","B","B","A","B","B","A","B","B","B","B","B","B","A","A","B","A","B","B","B","A","B","B","A","B","A","B","B","A","B","B","B","B","B","A","A","B","B","B",-,"B","A","B","A","B","B","A","B",-,"B","B","A","B","B","A","B","A","B","B","A","B","B","A","B","B","B","A","A","B","B",-,"A","B","A","B","B","B","A","B","B","A","B","B","B","B","A","B","A","B","B","B"
"5922974",1,33.17,"B","B","B","A","B","B","B","B","A","A","B","B","A","B","B","B","B","A","B","B","A","B","B","B","B","B","B","A","A","B","B","B","B","B","A","B","B","A","B","A","B","B","A","B","B","B","B","B","A","A","A","B","B","B","B","A","B","A","B","B","A","B","A","B","B","A","B","B","A","B","A","B","B","A","B","B","A","B","B","B","A","A","B","B",-,"A","B","A","B","B","B","A","B","B","A","B","B","B","B","A",-,"A","B","B","B"
"21607615",1,34.98,-,"B",-,-,"H","A","A","B","B","A","B","B","B","B","B",-,"B","A","B",-,-,"B","B","B","B",-,"B","A","A","A","A","A","A","A","A","A","A","A","A","A","A","A","A","A","A","A","A","A","A","A","A","A","A","A","A","A","A","A","A","A","A","A","A","A","A","A","A","A","A","A","A","A","A","A","A","A","A","A","A","A","A","A","A","A","A","A","A","A","A","A","A","A","A","A","A","A","A","A","A","A","A","A","A","A","A"
"44606476",1,34.98,-,"B",-,-,"B","B","A","B","A","A","B","B","A","B","B",-,"B","A","B",-,-,-,"B","B","B",-,"B","A","A","B",-,"B","B","B","A","B",-,"H","B","A","B","B","A","B","B","B","B","B","A","A","B","B","B","B","B","A",-,"A","B","B","A","B","A","B","B","A","B","B","A","B","A","B",-,"A","B","B","A",-,"B","B","A",-,"B","B","B","A","A","A","B","B","B","A","B","B","A","B","B",-,-,"A","B","A","B","B","B"
"AthZFPG",1,34.98,"B","B","B","A","H","A","A","B","B","H","B","B","B","B","B","B","B","H","B","B","A","B","B","B","B","B","B","A","B","A","B","B",-,"B","B","B","B","A","B","A","B","B","A","A","B","B","A","H","A","A","B","B","B","B","B","A","A","A","B","A",-,"B",-,-,"B","B",-,"B",-,"B","H","B",-,"A","B","B","A","B","B","A","A","B","B","A","B","A","B","A","H","B","B","A","B","B","H","B","B","B","B","A","B","A","B","B","A"
"NGA248",1,40.55,-,"B","B","A","A","B","A","B","B","A","B","B","B",-,"B",-,"B","B","B","A","B","B","B","B","B",-,"B","A","B","A","B","B",-,"B","B","B","B","A","B","A","B","B","A","A","B","B","A","B","A","A","A","B","B","B","B","A","A","A",-,"A",-,"B",-,-,"B","B",-,"B",-,"B","A","A","B","A","B","B","A","B","A","A","A","B","B","B","B","A","B","A","A","B","B","A","B","B","A","B","B","B","B","A","B","A","B","B","A"
"10423483",1,46.61,"B","B","B","A","B","B","B","B","B","B","B","B","B","A","B","B","B","B","B","A","B","B","B","B","B","B","B","A","B","A","B","B","B","B","B","B","B","A","B","A","B","B","A","A","B","B","A","B","A","A","A","B","B","B","B","A","A","A","B","A","A","B",-,-,"B","B","B","B",-,"B","A","A","A","A","B","B","A","B","A","A","B","A","B","B",-,"A","A","A","A","B","B","A","B","B","B","B","B","B","B","B","A","A","B","B","A"
"10719833",1,49.3,"B","B","B","A","B","B","B","B","B","B","H","B","B","A","B","B","B","A","B","A","B","B","B","B","B","B","B","A","B","A","B","B","B","B","B","B","B","A","B","A","A","B","A","B","B","B",-,"B","A","A","A","B","B","B","B","A","A","A","B","A","A","B","B","B","B","B","B",-,"A","B","A","A","A","A","B","B","A","B","A","A","B","A","B","B",-,"A","A","A","A","B","B","A","B","B","B","B","A","B","B","A","A","A","B","B","A"
"12357044",1,56.95,"B","B","B","A","B",-,"B","B","B","B","B","B","B","A","B","B","B","A","B","B","A","B","B","B",-,"A","B","A","A","A","B","B","A","B","B","B","B","A","B","A","A","B","A",-,"B","B","A","B",-,-,"A","B","B",-,"B","A","A","A","B","A","A","B",-,"B","A","B","B",-,"A","B","A","A","A","B","B","A","A","B",-,"B","B","A","B","B",-,"A","A","A","A","A","B","A","B","B","H","B","A","B",-,"A","B","A","A","B","A"
"44607963",1,71.9,-,"B","H",-,"B","B","A","B","B","H","B","H","B","A","B",-,"B","A","B",-,-,"B","B","B","B",-,"B","A","A","A",-,"B","A","B","B","A",-,"A","A","A","A","A","A","A","A","A","A","H","A","A","A","B","B","A","A","A",-,"B","A","A","A","A","B","A","A","B","H","H","A","B","A","A",-,"B","B","A",-,-,"A","B","A",-,"B","B","A","A","B","H","A","A","B","H","B","B","A","B","B",-,-,"A","B","A","A","B","A"
"21607540",1,74.72,-,-,-,-,"B",-,"A",-,"B","H",-,"H","B","A","B",-,-,"A","B",-,-,"B",-,-,"B",-,-,"A","A","A",-,"B","A","B",-,"A",-,"A","A","A","A","A","A","A","A","A","A",-,"A","A","A","B","B","A","A","A",-,"B","A","A","A","A","B","A","A","B","B","H","A","A","A","A",-,"B","B","B","A",-,"A","B","A",-,"B",-,"A","B","B","H","A","A","B","A","B","A","A","B","B",-,-,"H","B","A","A","B","A"
"T27K12",1,77.62,"B","B","B","A","B","B","A","B","B","H","B","B","B","A","B","B","A","A","B","A","B","B","B","B","B","B","B","A","A","A","B","H",-,"B","B","A","B","A","A","A","A","A","A","H","A","A","A","B","A","A","A","B","B","A","A","A","A","B","A","A",-,"A",-,-,"A","B",-,"H",-,"A","H","A","A","B","B","B","A","H","A","B","A","A","B","B","A","H","B","H","A","A","B","A","H","A","H","B","H","A","B","H","B","A","A","B","A"
"16874305",1,89.69,"B","B","B","A","B","B","A","B","B","B","B","B","B","A","B","B","B","A","B","A","B","A","B","A","B","B","B","A","A","A","B","B","A","B","B",-,"B","A","A","A","A","A","B","B","A","A","A","A","A","A","A","B","B",-,"A","A","A","A","A","A","A","B",-,"A","B","B","B","A","A","B","A","A","A","B","B","B","A","A","A","B","B","B","B","A",-,"B","A","B","A","A","B","A","H","A","H","B","A","A","B","B","B","A","A","B","B"
"21607065",1,97.21,-,"B","H",-,"B","B","A","B","B","B","B","A","B","A","B",-,"B","A","B",-,-,"H","B","A","A",-,"B","A","A","A",-,"B","A","B","B","A",-,"A","A",-,"A","A","B","B","A","A",-,"B","A","A",-,"B","B","A","A","A",-,"B","A","A","A","A","B","A",-,"B",-,"A","A","B","A",-,-,"B","B","B",-,-,"A","B","A",-,"A","A","A","B","B","H","A","A","B","A","B","A","A","B","A",-,-,"H",-,"A","A","B","B"
"17355484",1,102.16,"B","B","B","A","B","B","A","B","B","B","B","A","A","A","B","A","B","A","B","A","B","A","B","A","A","B","B","A","A","A","B","B","A","B","B","A","B","A","A","A","A","A","B","H","A","A","A","A","A","A","A","B","B","A","A","A","A","B","A","A","A","B",-,"A","B","B","B","A","A","B","A","A","A","B","B","B","A","A","A","B","B","B","A","A",-,"B","A","B","A","A","B","A","H","A","H","B","A","A","B","B","B","A","A","B","B"
"44607152",1,108.77,-,"B","H",-,"B","B","A","B","B","B","B","H","A","A","B",-,"B","A","B",-,-,-,"B","A","A",-,"B","A","A","A",-,"B","A","B","B","A",-,"A","A","A","A","A","B","B","A","A","B","B","A","A","A","B","B","A","A","A",-,"B","A","A","A","A","B","A","B","B","B","A","A","B","A","A",-,"B","B","B","A",-,"A","B","A",-,"B","B","A","B","B","B","A","A","B","A","B","A","B","B","B",-,-,"H","B","A","A","B","B"
"21607057",1,111.83,-,"B","B",-,"B","B","A","B","B","B","B","A","A","A","B",-,"B","A","B",-,-,-,"B","A","A",-,"B","A","A","A",-,"A","A","B","A","A",-,"A","A","A","A","A","B","B","A","A","B","B","A","A","A","B","B","A","A","A",-,"B","A","A","A","A","B","A","B","B","B","A","A","B","A","A",-,"A","A","B","A",-,"A","B","A",-,"B","B","A","B","B","A","A","A","B","A","B","A","B","B","B",-,-,"B","B","A","A","B","B"
"nga280",1,119.99,"B","B","H","A","B","H","A","B","B","B","B","A","A","B","B","A","A","H","B","B","B","A","B","A","A","B","B","A","A","A","B","A",-,"B","A","A","B","A","A","A","A","H","B","B","A","A","H","A","A","A","A","B","B","A","A","A","A","B",-,"A",-,"A",-,-,"B","B",-,"A",-,"B","H",-,"A","A","A","B","A","H","A","B","A","A",-,-,"A",-,"B","B","H","A","B","A","H","A","B","B","H","A","B","H","H","A","H","A","B"
"21606928",1,124.16,-,"B","A",-,"B","B","A","B","B","B","B","A","A","B","B",-,"A","B","B",-,-,-,"B","A","A",-,"B","A","A","A",-,"A","A","B","A","A",-,"A","A","A","A","B","B","B","A","A","B","A","A","A","A","B","B","A","A","A",-,"B","A","A","A","A","B","A","B","B","B","A","A","B","A",-,-,"A","A","B","A",-,"A","B","A",-,"B","B","A","B","B","B","A",-,"B","A","A","A","B","B","B",-,-,"B","B","A","B","A","B"
"21607463",1,128.07,-,"B","A",-,"B","B","A","H","B","B","B","A","A","B","B",-,"A","B","B",-,-,"B","B","A","B",-,"B","A","A","B",-,"A","A","B","A","A",-,"A","A","A","A","B","B","B","A","A","B","A","A","A","B","B","B","A","A","A",-,"B","A","A","A","A","B","A","B","B","B",-,"A","B","A","A",-,"A","A","H","A",-,"H","B","A",-,"B","B","A","B","B","B","A","H","B","A",-,-,"B",-,"A",-,-,"H","B","A",-,"A","B"
"23381443",1,132.75,"B","B","A","A","B","B","A","B","B","B","B","A","A","B","B","A","A","B","B","B","B","A","B","A","B","B","B","A","A","B","B","A","A","B","A","A","B","A","A","A","A","A","B","B","A","A","B","A","A","A","B","B","B","A","A","A","B","B","A","A","A","A",-,"A","B","B","B","A","H","B","A","A","B","A","A","B","A","A","B","B","B","B","B","B",-,"B","B","B","B","B","B","A","A","A","B","B","A","A","A","A","A","A","B","A","B"
"24071203",1,135.33,"B","B","A","A","B","B","B","B","B","B","B","A","A","B","B","A","A","B","B","B","B","B","B","A","B","B","B","A","A","B","B","A","A","B","B","A","B","A","A","A","A","A","B","B","A","A","B","A","A","A","B","B","B",-,"A","A","B","A","A","A","A","A",-,"A","B","B","B","A","H","B","A","A","B","A","A","B","A","A","B","B","B","B","A","B",-,"B","B","B","B","B","B","A","A","A","B","B","A","A","A","A","A","A","B","A","B"
"24292482",1,136.33,"B","B","A","A","B","B","B","B","B","B","B","A","A","B","B","A","A","B","B","B","B","B","B","B","B","B","B","A","A","B","B","A","A","B","B","A","B","A","A","A","A","A","B","B","A","A","B","A","A","A","B","B","B","A","A","A","B","A","A","A","A","A",-,"A","B","B","B","A","H","B","A","A","B","A","A","B","A","A","B","B","B","B","A","B",-,"B","B","B","B","B","B","A","B","A","B","B","A","A","A","A","A","A","B","A","B"
"21607700",1,140.71,-,"B","A",-,"B","B","A","B","B","B","B","A","A","B","B",-,"A","B","B",-,-,-,"B","B","B",-,"B","A","B","B",-,"A","A","B","B","A",-,"A","B","A","A","A","B","B","A","A","B","A","A","A","B","B","B","A","A","A",-,"A","A","A","A","A","B","A","B","B","B","A","A","B","A","A",-,"A","A","B","A",-,"B","A","A",-,"A","B","A","A","B","B","B","B","B","A","B","A","B","B","A",-,-,"A","A","B","B","A","B"
"25717715",1,147.08,"B","B","A","A","B","B","B","B","B","B","B","A","A","A","B","A","A","B","B","B","B","B","B","B","B","B","B","A","B","B","B","A","A","B","B","A","B","A","B","A","A","A","B","B","A","A","A","A","A","A","B","B","B","A","A","A","B","A","A","A","A","B","B","A","B","B","A","A","B","B","A","A","B","A","A","B","A","B","B","A","B","B","A","B",-,"A","A","A","A","B","B","A","B","A","B","B","A","A","A","A","A","B","B","A","B"
"msat1.1.3",1,149.12,"B","B","A","A","B","B","B","B","B","B","B","A","A","A","B","B","A","B","B","B","B","B","B","B","B","B",-,"A","B","B","B","A","A","B","B","A","B","A","B","A","A","A","B","B","A","A","A","A","A","A","B","B","B","A","A","A","B","A","A","A","A","B","B","A","B","B","A","A","B","B","A","A","B","A","A","B","A","B",-,"A","B","A","A","A","A","A","A","B","A","B","B","A","B","A","B","B","A","A","A","A","A","B","B","A","B"
"44606525",1,156.11,-,"B","A",-,"B","B","A","B","B","B",-,"A","A","A","B",-,"A","B","B",-,-,"B","B","B","A",-,"B","B","B","B",-,"A","A","A","B","A",-,"H","B","A","A","A","B","B",-,"A","A","A","B","A",-,"A","B","A","A","A",-,"A","A","A","A",-,"B","A","B","B","A","A","B","B","A","A",-,"A","B",-,"A",-,"B","A","B",-,"A","A","A","B","B","B","A","B","B","A","B","A","B","A","A",-,-,"A","A","B","B","A",-
"21607030",1,157.94,-,"B","A",-,"B","B","A","B","B","B","B","A","A","A","B",-,"A","B","B",-,-,"B","B","B","A",-,"B","B","B","B",-,"A","A","B","B","A",-,"H","B","A","A","A","B","B","A","A","A","A","B","A","B","A","B","A","A","A",-,"A","A","A","A","B","B","A","B","B","A","A","B","B","A","A",-,"A","B","B","A",-,"B","A","B",-,"A","A","A","B","B","B","A","B","B","A","B","B","B","A","B",-,-,"A","A","B","B","A","B"
"NGA692",1,159.66,"B","B","B","A","B","B","B","B","B","B","B","A","A","A","B","A","A","B","B","A","B","B","B","B","A","B","B","B","B","B","B","A","A","B","B","A","B","A","B","A","A","A","A","B","A","A","A","A","B","A","B","A","B","A","A","A","B","A","A","A","A","B","B","A","B","B","A","A","B","B","A","A","A","A","B","B","A","B","B","A","B","A","A","A","A","B","B","B","A","B","B","A","B","B","B","A","B","A","A","A","A","B","B","A","B"
"FLM-BsrI",1,160.14,"B","B","B","A","B","B","B","B","B","B","B","A","A","A","B","A","A","B","B","A","B","B","B","B","A","B","B","B","B","B","B","B","A","B","B","A","B","A","B","A","A","A","A","B","A","A","A","A","B","A","B","A","B","A","A","A","B","A","A","A","A","B","B","A","B","B","A","A","B","B","A","A","A","A","B","B","A","B","B","A","B","A","A","A","A","B","B","B","A","B","B","A","B","B","B","A","B","A","A","A","A","B","B","A","B"
"30213917",1,164.41,"B","B","B","B","B","B","B","B","B","B","B","A","A","A","B","A","A","B","B","A","B","B","B","B","A","B","B","B","B","B","B","A","A","B","B","A","B","A","B","A","A","A","A","B","A","A","B","A","B","A","B","A","B","A","A","A","B","A","A","A","B","B","B","A","B","B","A","A","B",-,"A","A","A","A","B","B","B","B",-,"A","B","B","A","A",-,"B","A","B","A","B","B","A","B","B","B","A","B","A","A","A","B","B","B","A","B"
"MSAT2.5",2,0,"B","B","B","A","B","B","A","B","A","A","B","B","B","B","A","B","B","A","A","A","A","B","B","B","B","B","B","B","A","A","B","A",-,"A","B","A","B","B","B","A","A","B","A","A","A","A","A","B","B","B","B","A","A","A","A","B","B","B","A","A",-,"B",-,-,"B","A",-,"A",-,"B",-,"A","A","B","B","A","A","A","A","A","A","A","A","B","B","B","A","A","A","B","A",-,"B","B","A","A","B","B","B","A","A",-,"B","B","B"
"nga1145",2,7.56,"B","B","B","A","B","B","A","B","A","B","B","B","B","B","H","H","B","A","A","A","A","B","A","B","B","B","B","H","A","A","B","A",-,"A","B","A","B","B","B","A","B","B","A","A","A","A","A","B","B","B","A","A","A","A","B","B","B","A","A","B",-,"B",-,-,"B","A",-,"A",-,"B","A","A",-,"A","B","A","A","A","A","A","A","A","A","B","B","B","A","A","H","B","A","A","B","B","A","B","A","B","B","A","A",-,-,-,-
"44606322",2,10.3,-,"B","H",-,"B","B","A","B","A","B","B","B","B","B","A",-,"H","A","A",-,-,"A","A","B","B",-,"B","B","A","A",-,"A","B","A","B","A",-,"B","B","A","B","B","A","A",-,"A","A","B","B","B",-,"A","A","A","B","B",-,"A","A","B","A","B","B","B","B","A",-,"A","B","B","A","A",-,"A","B","A","A",-,"A","A","A",-,"B","B","B","B","A","A","A","B","A",-,"B","B","A","B","A",-,-,"A","A","B","B","B","B"
"CIW2",2,12.93,"B","B","B","A","B","B","A","B","B","B","B","B","B","B","A","B","B","A","A","A","A","A","A","B","B","B","B","B","A","A","B","A",-,"B","B","A","B","B","B","A","B","B","A","A","A","A","A","B","B","B","A","A","A","A","B","B","B","A","A","B",-,"B",-,-,"B","A",-,"A",-,"B","A","A","A","A","B","A","B","A","A","A","A","A","B","A","B","B","A","A","A","B","A","A","B","B","A","B","A","B","B","A","A","B","B","B","B"
"MSAT2.38",2,21.45,"B","A","B","A","B","B","A","B","B","A","B","B","B","B","A","A","B","A","A","A","B","B","B","B","B","B","B","B","A","A","B","A",-,"B","B","B","B","B","B","B","A","B","A","A","A","A","A","B","B","B","A","A","A","A","B","B","B","A","A","B",-,"A",-,-,"B","A",-,"A",-,"B","A","A","A","A","B","A","A","A","A","A","A","B","B","A","B","B","A","B","A","A","A",-,"B","B","A","B","A",-,"B","A","A","B","B","B","B"
"2477306",2,22.57,"B","A","B","A","A","B","H","B","B","A","A","B","B","B","A","A","B","A","A","A","B","B","B","B","B","B","B","B","A","A","B","A","B","B","B","B","B","B","B","B","A","B","A","A","A","A","A","B","B","B","A","A","A","A","B","B","B","A","A","B","A","A","B","B","B","A","B",-,"B","B","A",-,"A","A","B","A","A","A",-,"A","A","B","B","A",-,"B","A","B","A","A","A","A","B","B","A","B","A","B","B","A",-,"B","B","B","B"
"44606142",2,29.56,-,"A","H",-,"B","B","A","B","B","H","B",-,"B","B","A",-,"B","A","A",-,-,"B","B","B","B",-,"B","B","A",-,-,"A","B","B","B","B",-,"H","B","B","A","B","A","A","H","A","A","B","B","B","H","A","A","A","B","B",-,"A","A","B","A","H","B","B","B","A","A",-,"B","A","B","H",-,"A","B","A","H",-,"A","A","A",-,"B","A","B","B","A","B","A","B","A","H","B","B","A","B","H",-,-,"A","A","B","B","B","B"
"5020871",2,34.99,"B","A","B","A","A","B","H","B","B","A","A","B","B","B","A","A","B","A","A","A","B","B","B","B","B","B","B","B","A","A","B","A","B","B","B","B","B","B","B","B","A","B","A","A","A","A","A","B","B","B","A","A","A","A","B","B","B","A","A","B","A","A","B","B","B","A","A","A","B","A","A","A","A","A","B","A","A","A",-,"A","A","B","B","A",-,"B","A","B","A","A","A","A","B","B","A","B","A","B","B","A",-,"B","B","B","B"
"5803805",2,35.49,"B","A","B","A","A","B","H","B","B","A","A","B","B","B","A","A","B","A","A","A","B","B","B","B","B","B","B","B","A","A","B","A","B","B","B","B","B","B","B","B","A","B","A","A","A","A","A","B","B","B","A","A","A","A","B","B","B","A","A","B","A","A",-,"B","B","A","A","A","B","A","B","A","A","A","B","A","A","A","A","A","A","B","B","A",-,"B","A","B","A","A","A","A","B","B","A","B","A","B","B","A","A","B","B","B","B"
"CIW3",2,43.58,"B","A","B","A","B","B","A","B","B","A","B","A","B","B","A","A","A","B","A","A","B","A","B","B","B","B","B","B","A","A","B","A",-,"B","B","B","A",-,"B","B","A","B","A","A","A","A","A","B","B","B","A","A","A","A","B","B",-,"A","A","A",-,"A",-,-,"B","A",-,"A",-,"A","B","A","B","A","B","A","A","A","B","A","A","B","A","A","B","A","A","B","A","A","A",-,"B","B","A","B","A","B","B","A","A","B","A","B","B"
"6499196",2,46.96,"B","A","B","A","A","B","A","B","B","A","A","A","B","B","A","A","A","B","A","A","B","A","B","A","B","B","B","B","A","A","B","A","B","B","B","B","A","B","A","B","A","B","A","A","B","A","A","B","B","B","A","A","A","A","B","B","B","A","A","A","A","A","B","B","B","A","A","A","B","A","B","A","B","A","B","A","A","A","B","A","A","B","A","A",-,"A","A","A","A","A","A","A","B","B","A","B","A","B","B","A","A","B","A","B","B"
"21607259",2,48.99,-,"A","H",-,"B","B","A","B",-,"A","B","A","B","B","A",-,"A","B","A",-,-,"A","B","H","B",-,"B","B","A","A",-,"A","B",-,"B","B",-,"H","A",-,"A","B","A","A",-,"A","A",-,"B","B","A","A","A","A","B",-,-,"A","A","A","A","A","B","B",-,"A","A","A",-,"A","B",-,-,"A","B","A","A",-,"B","A","A",-,"A","A","B","A","A","B","A","A","A","A","B","B","A","B","A",-,-,"A","A",-,"A","B","B"
"7072571",2,56.51,"B","A","B","A","A","B","A","B","A","B","A","A","A","B","A","A","B","B","A","A","B","A","A","A","A","B","B","B","B","A","B","A","B","B","B","B","A","B","A","B","A","B","B","A","B","A","A","B","B","B","A","A","A","A","B","B","B","A","A","A","A","A","B","B","B","A","A","A","B","A","B","A","B","A","B","A","A","A","B","A","A","B","A","A",-,"A","A","A","A","A","A","A","B","B","A","B","A","B","B","A","A","B","A","B","B"
"THY-1",2,60.45,"B","A","B","A","H","B","A","B","A","B","H","A","H","B","H","A","B","B","A","A","B","A","H","A","A","B","B","B","B","A","B","A",-,"B","B","B","A","B","A","B","A","B","A","A","B","A","H","B","B","B","A","A","A","A","B","B","B","H","H","A",-,"A",-,-,"B","A",-,"A",-,"H","B","A","B","A","B","A","A","A","B","A","A","B","A","A","B","B","A","B","H","A","A","A","B","B","A","B","A","B","B","A","A","B","A","B","B"
"PHYB",2,69.47,"B","A","B","B","B","B","A","B","A","A","H","A","A","B","B","H","B","B","A","A","B","A","B","A","A","B","B","A","B","A","B","A",-,"B","B","B","A","B","A","B","A","B","B","A","B","A","A","B","B","B","A","A","B","A","B","B","B","A","A","A",-,"A",-,-,"B","A",-,"A",-,"A","B","A","B","A","A","A","A","A","B","A","A","B","A","A","B","A","A","B","A","B","A","A","B","B","A","B","H","B","B","B","A","B","H","B","B"
"44607727",2,74.42,-,"A",-,-,"A","B","A","B","A","B","B","A","A","B","B",-,"B","B","A",-,-,"A","B","A","A",-,"B","A","B","A",-,"A","H","B","B","B",-,"H","A","B","A","B","B","A","B","A","A","B","B","B","H","A","B","A","B","B",-,"A","A","A","A","A","A","B","B","A","A",-,"B","A","B","H",-,"A","B","A",-,-,"B","A","A",-,"A","A","B",-,"A","B","B","A","A","H","B","B","A","B","A",-,-,"B","A","B","A","B","B"
"8749828",2,78.84,"B","A","B","A","A","B","A","B","A","A","A","A","A","B","B","A","B","B","A","A","B","A","A","A","A","A","B","A","B","A",-,"A",-,"B","B","B","A","B","A","B",-,-,"B","A","B","A","A","B","B","B","A","A","B","A","B","B","B","A","A","A","A","A","A","B","B","A","A",-,"B",-,-,-,"B","A","B","A","A","A",-,"A","A","B","A","A",-,"A","B","A","B","B",-,"A","B","B","A","B","A","B","B","B",-,"B","A","B","B"
"PLS7",2,81.31,"B","A","B","A","A","B","A","B","A","A","A","A","A","B","B","H","B","B","A","A","B","A","A","A","A","A","B","A","B","A","B","A",-,"B","B","B","A","B","A","B","A","B",-,"A","B","A","A","A","B","B","A","A","B","A","B","B","B","A","A","A",-,"A",-,-,"B","A",-,"A",-,"A","B","A","B","A","B","A",-,"B","B","A","A","B","A","A","B","A","A","B","B","B","A","A","B","B","A","B","A","B","B","B","A","B","A","B","B"
"10566416",2,90.15,"B","B","B","A","A","B","A","A","A","A","A","A","A","B","B","A","B","B","A","A","B","A","A","A","A","A","B","A","B","A","B","B","A","B","B","B","A","A","A","B","A","B","B","A","B","A","A","A","B","B","A","B","B",-,"B","A","B","A","A","A","A","A",-,"B","B","A","A","A","B","A","A","A","A","A","B","A","A","A","B","A","A","B","A","A",-,"A","B","A","B","B","A","A","B","B","A","B","A","A","A","B","A","B","A","B","A"
"MSAT2.41",2,95.41,"B","B","B","A","A","B","A","A","A","A","A","A","A","A","B","H","B","B","A","A","B","A","A","A","A","A","B","A","B","A","B","B",-,"B","B","B","A","A","A","A","A","B","B","A","B","A","A","A","B","B","A","B","B","A","B","A","B","A","A","A",-,"A",-,-,"A","A",-,"A",-,"A","A","A","B","B",-,"A","B","B","B","A","A","B","A","A","B","A","A","B","B","B","A","A","B","B","A","B","A","A","A","B","A","B","A","B","A"
"nga1126",2,96.48,"B","H","B","A","A","B","A","A","A","A","A","A","A","A","B","H","B","B","A","A","B","A","A","A","A","A","B","A","B","A","B","B",-,"B","B","B","A","A","A","A","A","B","B","A","B","A","A","A","B","B","A","H","B","A","B","A","B","A","B","A",-,"A",-,-,"A","A",-,"A",-,"A","A","A","H","B","B","A","A","B","B","A","A","B","A","A","B","A","A","B","B","B","A","A","B","B","A","B","A","A","A","B","A","B","A","B","A"
"44607824",2,101.91,-,"B",-,-,"A","B","A","A","A","A","A","A","A","A","A",-,"B","B","A",-,-,"A","A","B","A",-,"B","A","B","A",-,"B","A","B","B","B",-,"A","A","A","A","A","B","A","B","A",-,"A","H","B","A","A","B","A","B","A",-,"A","A","A","A","A","A","B","A","A","A","A","B","A","A","H",-,"B","B","A","A",-,"B","A","A",-,"A","B","B","A","A","B","B","H","B","A","B","B","A","B","A",-,-,"B","A","B","A","B","A"
"12658576",2,104.51,"B","B","B","A","A","B","A","A","A","A","A","A","A","A","A","A","B","B","A","A","B","A","A","B",-,"A","B","A","B","A","B","B","A","B","B","B","A","A","A","A","A","A","B",-,"B","A","A","A","A","B","A","B","B","A","B","A","B","A","A","A","A","A",-,"B","A","A","B","A","B","A","A","A","A","B","B","A","A","B",-,"A","A","B","A","B",-,"A","B","A","B","B","B","A","B","B","A","B","A","A",-,"B","A","B","A","B","A"
"MSAT2.7",2,109.95,"B","A","B",-,"A","B","A","A","A","A","A","A","A","A","A","A","B","B","A","A",-,"A","A","B","A","A","B","A","B","A","A","B",-,"B","B","B","A","B","A","B","A","B","B","A","B","A","A","A","A","B","A","A","B","A","B","A","B","A","A","A",-,"A",-,-,"A","A",-,"A",-,"A","A","A","B","B","B","A","A","B","A","A","A","B","A","B","B","A","A","B","B","B","B","A","B","B","A","B","A","A","A","B","A","B","A","B","A"
"13265029",2,113.29,"B","B","B","A","A","B","A","A","A","A","A","A","A","A","A","A","B","B","A","A","B","A","A","B","A","A","B","A","B","A","A","B","A","B","B","B","A","B","A","B","A","A","B","A","B","A","A","A","A","B","A","B","B","A","B","A","B","A","A","A","A","A","A","B","A","A","B","A","B","A","A","A","A","B","B","A","A","B","A","A","A","B","A","B",-,"A","B","A","B","B","B","A","B","B","A","B","A","A","A","B","A","B","A","B","A"
"21607157",2,117,-,"A","H",-,"A","B","A","A","A","B","A","A","A","A","A",-,"B","B","A",-,-,"A","A","B","A",-,"B","A","B","A",-,"B","A","B","B","B",-,"H","A","B","A","A","B","A","B","A","A","A","A","B","A","A","B","A","B","A",-,"A","A","A","A","A","A","A","A","A","B","A","B","A","A","H",-,"B","B","A","A",-,"A","A","A",-,"A","B","B","A","A","B","B","B","B","A","B","B","A","B","A",-,-,"B","A","B","A","B","A"
"nga168",2,120.29,-,"A","B","B","A","B",-,"A","A","B","A","A","A","A","A","A","B","B","A","A","B","A","B","B",-,"B","B","A","B","A","A","B",-,"B","B","B","A","B","A","B","A","H","B","A","B","A","A","A","A","B","A","H","B","A","B","A","B","A","A","A",-,"A",-,-,"A","A",-,"A",-,"A","B","A","B","B","B","A","A","B","A","A","A","B",-,"B","B","A","A","B","B","B","B","A","B","B","A","B","A","A","A","B","B","B","A","B","A"
"44607922",2,125.87,-,"A",-,-,"A","B","A","B","A","B","A","A","A","A","A",-,"B","B","B",-,-,-,"B","B","A",-,"B","A","B","A",-,"B","A","B","B","B",-,"H","A","B","A","A","B","A","B","A","A","A","B","B","A","H","A","A","B","A",-,"B","A","A","A","A","A","B","A","A","B","A","B","B","B","H",-,"B","B","A","A",-,"A","A","A",-,"A","B","B","A","A","B","B","H","B","A","B","B","A","B","A",-,-,"B","B","B","A","B","A"
"44606769",2,128.92,-,"A","A",-,"A","B","A","B","A","B","A","A","A","A","A",-,"B","B","B",-,-,"A","B","B","A",-,"B","A","B","A",-,"B","A","B","A","B",-,"A","A","B","A","A","B","A","B","A","A","A","B","B","B","A","A","A","B","A",-,"B","A","A","A","A","A","B","B","A","B","A","B","B","B","H",-,"B","B","A","A",-,"A","A","A",-,"B","B","B","A","A","B","B","H","B","A","B","A","A","B","A",-,-,"B","B","B","A","B","A"
"44606533",2,131.31,-,"A","A",-,"A","A","A","B","A","B","A","A","A","A","A",-,"B","B","B",-,-,"A","B","B","A",-,"B","A","B","A",-,"B",-,"B","A",-,-,"A","A","B","A","A","B","A","A","A","A","A","B","B","B","A","A","A","B","A",-,"B","A","A","A","A","A","B","B","A",-,"A","B","B","B","H",-,"B","B","A","A",-,"A","A","A",-,"B","B","B","A","A","B","B","H","B","A","B","B","A","B","B",-,-,"B","B","B","A","B","A"
"90J19T7",2,143.44,"B","H",-,"B","A","H","A","B","H","B","A","A","A","A","H","A","B","B","B","A","B","A","B","B",-,"B","B","A","B",-,"A","B",-,"B","A","B","H","A","A","B","H","A","B","H","B","B","H","A","H","B","B","A","A","A","B","H","B","B","H","A",-,"A",-,-,"B","A",-,"H",-,"B","B","B","A","A","B","B","B","A","A","B","A","B",-,"B","B","B","H","B","B","B","B","H","B","B","H","B","B","H","A","B","B","B","H","B","H"
"nga32",3,0,"A","B","A","A","B","B","A","B","B","B","A","B","B","B","A","H","A","A","A","B","B","B","A","B","A","H","A","B","B","B","A","B",-,"B","B","A","A","A","A","A","A","A","B","A","A","A","B","A","B","B","A","B","B","A","B","A","A","B","H","B",-,"B",-,-,"A","B",-,"A",-,"A","B","B","A","A","A","A","B","A","B","A","B","A","A","A","B","B","A","B","B","B","A","B","A","B","A","B","A","B","A","A","A","B",-,"A","A"
"21607479",3,1.97,-,"B",-,-,"B","B","A","B","B","B","A","B","B","B","A",-,"A","A","A",-,-,"B","A","B","A",-,"A","B","A","B",-,"B","A","B","B","A",-,"H","A","A","A","A","B","A","A","B","B","A","B","B","A","B","B","A","B","A",-,"B","A","B","B","B","B","B","A","B","B","A","B","A","B","H",-,"A","A","B","B",-,"B","A","B",-,"A","A","B","B","A","B","B","B","A",-,"A","B","A","B","A",-,-,"A","A","B","B","A","A"
"2072648",3,7.92,"A","B","A","A","B","B","A","B","B","A","A","B","B","B","B","B","A","A","A","B","B","B","A","B","A","B","A","B","A","B","A","B","A","B","B","A","A","B","A","B","A","A","B","A","A","B","B","A","B","B","A","B","B","A","B","A","A","B","A","B","B","B","B","B","A","A","B","A","B","A","B","B","A","A","A","B","B","A","B","A","A","B","B","A",-,"B","B","B","B","B","B","B","A","B","A","B","A","B","A","A",-,"B","B","A","B"
"2231413",3,7.92,"A","B","A","A","B",-,"A","B","B","A","A","B","B","B","B","B","A","A","A","B","B","B","A","B","A","B","A","B","A","B","A","B","A","B","B","A","A","B","A","B","A","A","B","A","A","B","B","A","B","B","A","B","B","A","B","A","A","B","A","B","B","B",-,"B","A","A","B","A","B","A","B","B","A","A","A","B","B","A",-,"A","A","B","B","A",-,"B","B","B","B","B","B","B","A","B","A","B","A","B","A","A","A","B","B","A","B"
"2236406",3,7.92,"A","B","A","A","B","B","A","B","B","A","A","B","B","B","B","B","A","A","A","B","B","B","A","B","A","B","A","B","A","B","A","B","A","B","B","A","A","B","A","B","A","A","B","A","A","B","B","A","B","B","A","B","B","A","B","A","A","B","A","B","B","B","B","B","A","A","B","A","B","A","B","B","A","A","A","B","B","A","B","A","A","B","B","A",-,"B","B","B","B","B","B","B","A","B","A","B","A","B","A","A","A","B","B","A","B"
"44606607",3,10.36,-,"B","A",-,"B","B","A","B","B","A","A","B","B","B","B",-,"A","A","A",-,-,"B","A","B","A",-,"A","B","A","B",-,"B","A","B","B","A",-,"H","A","B","B","B","B","A","A","B","B","A","B","B","A","B","B","A","B","A",-,"B","A","B","B",-,"B","B","A","A","B","A","B","A","B","H",-,"A","A","B","B",-,"B","A","B",-,"B","A","B","B","A","B","B","B","B","H","A","B","A","B","A",-,-,"A","A","B","B","A","B"
"ATCHIB2",3,13.42,"A","B","A","B","B","B","A","B","B","A","A","B","B","B","B","B","A","A","A","B","B","B","A","B","A","B","A","B","A","B","A","B","A","B","B","A","A","B","A","B","B","A","B","B","A","B","B","A","B","B","A","B","B","A","B","A","A","B","A","B","B","A","B","B","B","A","B","A","B","A","B","B","A","A","A","B","B","A","B","A","B","B","B","A","B","B","A","B","B","B","B","B","A","B","A","B","B","B","A","B","A","B","B","A","B"
"21607175",3,14.61,-,"B","H",-,"B","B","A","B","B","A","A","B","B","B","B",-,"A","A","A",-,-,"B","A","B","A",-,"A","B","B","B",-,"B","A","B","B","A",-,"A","A","B","B","A","B","B","A","B","B","A","B","B","A","B","B","A","B","A",-,"B","A","B","B","A","B","B","B","A","B","A","B","A","B","B",-,"A","A","B","B",-,"B","A","B",-,"B","A","B","B","A","B","B","B","B","B",-,"B","A",-,"H",-,-,"B","A","B",-,"A","B"
"5235221",3,17.11,"A","B","A","B","B","B","A","B","B","A","A","B","B","B","B","B","A","A","A","B","B","B","A","B","A","B","A","B","B","B","A","B","A","B","B","A","A","B","A","B","B","A","B","B","A","B","B","A","B","B","A","B","B","A","B","A","A","B","A","B","B","A","B","B","A","A","B","A","B","A","B","B","A","A","A","B","B","A","B","A","A","B","B","A",-,"B","B","B","B","B","B","B","A","B","A","B","B","A","A","B",-,"B","B","A","B"
"6890596",3,20.84,"A","B","A","B","B","B","A","B","B","A","A","A","B","B","B","B","A","A","A","B","B","A","A","B","A","B","A","B","B","B","A","B","A","B","B","A","A","B","A","B","B","A","B","B","A","A","B","A","B","B","A","B","B","A","B","A","A","B","A","B","B","A","B","B","A","A","B",-,"B","A","B","B","B","A","B","B","B","A",-,"A","B","A","B","A",-,"B","B","B","B","B","B","B","A","B","A","B","B","A","A","B",-,"B","B","A","B"
"44607087",3,22.74,-,"B","A",-,"B","B","A","B","B","B","A","A","B","B","B",-,"A","A","A",-,-,-,"A","B","A",-,"A","B","B","B",-,"B","A","B","B","A",-,-,"A","A","B","A","B","B","A","A","B","A","B","B","A","B","B","A","B","A",-,"B","A","B","B","A","B","B","A","A","B","A","B","A","B",-,-,"A","B","B","B",-,"B","A","B",-,"B","A","B","B","B","A","B","B","B",-,"A","B","A","B","H",-,-,"B","A","B","B","A","B"
"7391896",3,23.36,"A","B","A","B","B","B","A","B","B","B","A","A","B","B","B","B","A","A","A","B","B","A","A","B","A","B","A","B","B","B","A","B","A","B","B","A","A","B","A","H","B","A","B","B","A","A","B","A","B","B","A","B","B",-,"B","A","B","B","A","B","B","A",-,"B","A","A","B","A","B","A","B","B","B","A","B","B","B","A",-,"A","B","A","B","A",-,"B","B","B","B","B","B","B","A","B","A","B","B","A","A","B","A","B","B","A","B"
"9747158",3,37.17,"A","B","A","B","B","B","B","B","A","B","A","B","B","B","B","B","A","A","B","B","B","A","A","B","B","B","A","B","A","B","A","B","B","B","B","B","A","B","A","B","B","B","B","B","A","A","B","A","A","A","A","A","B","A","B","B","B","B","A","B","B","B",-,"B","A","A","B","B",-,"A","B","B","B","A","B","B","B","A","B","B","B","A","A","A",-,"B","B","B","B","B","B","B","A","A","A","B","B","B","B","A","A","B","B","A","B"
"44606721",3,42.18,-,"A","H",-,"B","B","B","B","A","B","A","B","B","B","B",-,"A","A","B",-,-,"A","A","B","B",-,"B","B","A","A",-,"B","B","B","B","B",-,"B","A","B","B","B","H","B","H","A","B","A","A","A","A","A","B","B","B","B",-,"B","A","B","B","B","B","B","A","A","B","B","B","A","B","B",-,"H","B","B","B",-,"B","B","B",-,"A","A","B","B","B","A","B","B","B","B","A","A","A","B","B",-,-,"A","A","A","B","A","B"
"GL1",3,48.13,"A","B","A","B","A","B","B","B","A","A","H","B","B","B","H","H","A","A","B","B","H","A","A","B","B","B","B","B","A","H","A","B",-,"B","B","B","A","B","A","B","B","B","B","B","A","A","B","A","A","A","A","A","B","B","B","B","B","B","A","B",-,"B",-,-,"B","A",-,"B",-,"A","B","B","B","H","B","B","B","A","B","B","B","H","A","B","B","B","B","A","H","B","B","B","A","A","A","B","B","B","B","A","A","H","B","A","B"
"21607496",3,54.5,-,"A","H",-,"A","B","B","B","A",-,"A","B","B","B","B",-,"A","A","B",-,-,"A","A","B","B",-,"B","B","A","A",-,"B","B","B","B","B",-,"B","B","A","B","B","B","B","H","A","B",-,"B","A","A","B","B","B","B","B",-,"B","A","B","B","B","A","B","B","B","B","B","A","A","B","B",-,"H","B","B","B",-,"B","B","B",-,"A","B","B","B","B","B","B","B","B","B","A","A","A","B","B",-,-,"A","A","B","B","A","B"
"11398071",3,56.98,"A","A","A","B","A","B","B","A","A","A","A","B","B","B","B","B","A","A","B","B","A","A","A","B","B","B","B","B","A","B","B","B","B","B","B","B","A","B","B","B","B","B","B","B","A","A","B","A","B","A","A","B","B","B","B","B","B","B","A","B","B","B","A","B","B","B","B","B","B","A","B","B","B","B","B","B","B","A","B","B","B","B","A","B",-,"B","B","B","B","B","B","B","A","A","A","B","B","B","B","A","A","B","B","A","B"
"T04109",3,73.53,"A","B","A","B","A","B","B","H","B","H","B","B","B","B","B","B","A","A","B","B","H","A","B","B","B","B","B","A","A","H","B","B",-,"B","B","B","A","B","B","H","B","B","B","H","B","A","B","B","B","A","A","B","B","B","B","B","B","B","A","A",-,"B",-,-,"B","B",-,"B",-,"A","B","B","B","B","B","B","B","A","B","B","B","A","A","B","B","B","B","A","A","A","B","A","H","B","H","B","H","H","H","A","B","A","A","B","A"
"44606387",3,88.85,"A","A","A","B","A","B","B","A","B","A","B","A","B","B","B","B","A","A","B","B","A","A","B","B","B","B","B","B","A","A","B","B","B","B","B","B","B","B","B","A","B","B","B","B","A","A","B","B","B","A","A","B","B","B","B","B","B","B","A","B","B","B","A","A","B","B","B","B","B","A","B","B","B","B","B","B","B","A","B","B","B","B","A","B","B","B","B","B","B","B","B","B","B","A","A","B","B","B","B","B","A","B","B","A","B"
"16489217",3,90.96,"A","A","A","B","A","B","H","A","B","A","B","A","B","B","B","B","A","A","B","B","A","A","B","B","B","B","A","B","A","B","B","B","B","B","B","B","B","B","B","B","B","B","A","B","A","A","B","B","B","A","A","B","B","B","B","B","H","B","A","B","B","B",-,-,"B","B","B","B",-,"A","B","B","B","B","B","B","B","A","B","B","B","B","A","B",-,"B","B","B","B","B","B","B","B","A","A","B","B","B","B","B","A","B","B","A","B"
"21607683",3,94.92,-,"A",-,-,"A","B","B","A","B","A","B","A","B","B","B",-,"B","A","B",-,-,"H","B","B","B",-,"A","B","A","A",-,"B","B","B","B","B",-,"H","B","B","B","B","A","B","A","B","A","B","B","A","A","B","B","B","A","B",-,"B","A","B","B","A","A","A","B","B","B","B","A","A","B","B",-,"B","B","B","B",-,"B","B","B",-,"A","B","B","B","B","B","B","B","B",-,"B","A","A","B","B",-,-,"B","A","B","B","A","B"
"44606330",3,104.91,-,"H","A",-,"B","A","A","A","B","A","B","A","A","B","H",-,"B","A","B",-,-,"H",-,"B","B",-,"A","A","A","A",-,"B","A","B","B","B",-,"H","A","B","B","B","A","B","A","B","A","B","B","A","A","B","B","B","B","B",-,"A","A","B","B","A","B","A","B","H","B","B","A","A","B","B",-,"B","B","B","A",-,"B","B","B",-,"A","B","B","B","B","B","B","B","A",-,"B","A","A","B","A",-,-,"A","A","B","B","A","B"
"R30025",3,109.65,"B","A","A","B","B","A","A","A","B","A","B","A","A","B","H","B","B","A","B","B","A","A","B","B","B","A","H","A","H","H","B","B",-,-,"B","B","H","B","A","B","B","B","A","B","A","B","A","B","B","A","A","B","B","A","B","B","H","A","A","B",-,"A",-,-,"B","B",-,"B",-,"A","H","B","B","B","B","B","H","B","B","B","B","B","A","B","B","B","B","B","B","B","A","A","A","A","A","B","A","A","B","A","A","B","B","B","B"
"18980171",3,116.96,-,"A","A","B",-,"A","A","A","B","A","B","A","A","H",-,-,"B","A","B",-,"A","A","B",-,-,"A","A","A","B","B","B","B","A","B","B","B","B",-,"A",-,"B","H","A","B","A",-,"A","B","B","A","A",-,-,"A","B","B","H","A","A","B","B","A","B","A","B","B","B",-,"A","A","B",-,-,-,-,-,"A",-,"H","H",-,-,"A","H",-,"H","H",-,"H","H","A","A","A","A","A","H","A","A","H","A","A",-,-,"A",-
"21632379",3,125.37,"B","A","A","B","B","A","A","A","B","A","H","A","A","B","A","A","B","A","B","B","A","A","B","B","B","A","A","A","A","B","B","B","A","B","B","B","B","B","A","B","B","B","A","B","A","B","A","B","A","A","B","B","B","A","B","B","H","A","A","B","B","A","B","A","B","B","B",-,"A","B","B","B","B","B","B","B","A","A",-,"B","B","B","A","B",-,"B","B","B","B","B","A","A","A","A","A","B","H","A","A","A",-,"A","A","B","B"
"44606273",3,130.39,-,"A","A",-,"B","A","A","A","A","A","B","A","A","B","A",-,"B","A","B",-,-,"A",-,"H","B",-,"H","A","H","A",-,"B","A",-,"B",-,-,"H","A",-,"B","B","A","B","A","B","A",-,"A","A",-,"B","B","A","B","H",-,"A","A","H","B","A","B","A",-,"B","B","B","A","B","B",-,-,"B","B","B","A",-,"B","H","H",-,"A","B","B","B","B","B","B","B","A","A","A","A","B","B","A",-,-,"A","A","A","A","B","B"
"nga6",3,133.25,"B","A","A","B","B","A","A","A","H","A","B","A","A","B","A","A","B","A","B","B","A","A","B","B","H","A","H","A","H","A","B","B",-,"B","H","B","B","H","A","B","B","B","A","B","A","B","A","B","A","A","B","B","B","A","B","B","A","A","A","B",-,"A",-,-,"B","H",-,"B",-,"B","B","B","B","B","B","B","A","H","B","B","B","B","A","B","B","B","B","B","B","B","A","A","A","A","B","H","H","A","A","A","A","A","A","B","B"
"MSAT4.39",4,0,"B","A","A","B","B","B","B","B","B","A","A","A","B","B","B","A","B","A","B","B","A","B","A","B","B","B","B","B","B","B","B","B","B","B","B","B","B","B","A","B","A","B","B","A","A","A","B","A","B","A","A","B","A","B","A","B","A","B","B","A","A","B","B","B","B","A","B","A","A","B","B","B","B","A","B","A","B","B","B","B","B","B","B","B","B","A","B","A","B","B","B","B","B","B","B","B","B","B","A","A","B","B","B","A","B"
"FRI",4,2.58,"B","A","B","B","B","B","B","B","B","A","A","A","B","B","B","A",-,"A",-,"B","A","B","A","B","B","B","B","B","B","B","B","B","B","B","B","B","B","B","A","B","A","B","B","A","A","A","B","A","B","A","A","B","A","B","A","B","A","B","B","A","A","B","B","B","B","A","B","B","A","B","B","B","B","A","B","B","B","B","B","B","B","B","B","B","B","A","B","A","B","B","A","B","B","B","B","B","B","A","A","A","B",-,"B","A","B"
"CIW5",4,9.29,"B","A","B","B","B","B","B","B","A","A","A","A","B","B","B","A","B","A","B","B","A","B","A","A","B","B","B","B","B","B","B","B","B","B","B","B","B","B","B","B","B","B","B","A","A","B","A","A","B","A","A","B","A","B","A","B","A","B","B","B","A","B","B","B","B","A","A","B","A","A","B","B","B","A","B","B","B","B","B","B","B","B","B","A","B","A","B","A","B","B","B","B","B","B","B","B","B","A","A","A","B","B","B","B","B"
"44608028",4,12.95,-,"A","B",-,"B","B","B","B","A","A","A","A","B","B","A",-,"B","H","B",-,-,"H","A","A","B",-,"B","B","B","B",-,"B","B","B","B","B",-,"B","B","B","B","B","B","A","A","B","A","A","B","A","A","B","A","B","H","B",-,"B","B","A","A","B","B","A","B","A","A","B","A","B","B","B",-,"A","B","B","A",-,"B","B","B",-,"B","A","B","A","B","A","B","B","B","B","B","B","B","B","B",-,-,"A","B","B","B","B","A"
"44606623",4,16.62,"B","A","B","B","B","B","B","B","A","A","A","A","B","B","A","A","B","B","A","A","A","B","A","A","B","B","B","B","B","B","B","B","B","B","B","B","B","B","A","B","B","B","B","A","A","B","A","A","B","A","A","B","A","B","A","B","A","B","A","A","A","B","B","A","B","A","A","B","A","B","B","B","B","B","B","B","A","B","B","A","B","A","B","A","B","A","B","A","B","B","B","B","B","B","A","B","B","A","A","A","B","B","B","B","A"
"44607955",4,24.8,-,"A","B",-,"B","B","B","B","A",-,"A",-,"B","B","A",-,"A","B","A",-,-,-,"A","A","B",-,"B","B","B","B",-,"B","A","B","B","B",-,"B","B","A","B","B","B","A","A","B","A","A","B","A","A","B","A","B","B","B",-,"B","A","A","A","B","B","B","B","A","A","B","A","B","A","B",-,"B","B","B","A",-,"B","B","B",-,"B",-,"B","B","B","A","B","B","B",-,"B","A","B","B","B",-,-,"B","B","B","B","B","A"
"NGA8",4,27.97,"B","A","B","B","B","B","B","B","A","B","B","A","B","B","B","A","A","B","A","B",-,"B",-,"A","B","B","B","B","B","B","B","B","A","B","B","B","B","B","B","A","B","B","B","A","A","B","A","A","B","B","B","B","A","B","B","B","A","B","A","A","A","B","B","B","B","A","A","B","A","B","A","B","B","B","B","B","A","B","B","B","B","A","B","A","B","B","B",-,"B","B","B","B","B","B","B","B","B","A","A","B","B","B","B","B","A"
"7077771",4,34.32,"B","A","B","B","B","A","B","B","A","B","H","A","B","B","A","A","A","B","A","B","A","B","A","A","B","B","A","B","B","B","B","B","A","B","B","B","A","B","B","A","B","B","B","B","A","B","A","A","B","B","B","B","A","B","B","B","A","B","B","A","A","B","B","B","A","A","A","B","A","B","B","B","B","B","B","B","A","B","B","B","B","A","B","A",-,"B","B",-,"B","B","B","B","B","B","A","B","B","B","A","B",-,"B","B","B","A"
"MSAT4.25",4,34.32,"B","A","B","B","B","A","B","B","A","B","A","A","B","B","A","A","A","B",-,"B","A","B","A","A","B","B","A","B","B","B","B","B","A","B","B","B","A","B","B","A","B","B","B","B","A","B","A","A","B","B","B","B","A","B","B","B","A","B","B","A","A","B","B","B","A","A","A","B","A","B","B","B","B","B","B","B","A","B","B","B","B","A","B",-,"B","B","B",-,"B",-,"B","B","B","B","A","B",-,"B","A","B","B","B","B","B","A"
"CD69",4,43.39,"B","A","B","B","B","A","B","A","H","B","A","A","B","B","B","H","A",-,"A","B","A","B","A","A","B","B","A","B","B","B","B","B",-,"B","A","H","H","B","B","A","B","B","B","B","A",-,"H","A","B","B","B","B","B","B","B","B","B","H","B","A",-,"A",-,-,"A","H",-,"A",-,"A","B","B","B","B","B","B","A","B","B","B","B","A","B","A","B","B","H","A","B","B","B","A","B","B","B","B","B","B","A","B","A","B","H","B","A"
"9213072",4,48.9,"B","A","B","B","B","A","B","A","B","B","H","A","B","B","B","B",-,"B","A","B","A","B","A","A",-,"B","A","B","B","B","B","B","A","B","A","B","B","B","B","A","B","B",-,"B","A",-,"A",-,"B","B","B","B","B","B","B","B","B","B","B","A","B","B",-,-,-,"A","A",-,-,"A","B","B","B","B","B",-,-,"B",-,"B","A","A","B","A",-,"B","B","B",-,"B",-,"A",-,"B","B","B","B","B",-,"B","A","A","B","B","A"
"21607513",4,53.45,-,"A","H",-,"B","A","B","A","B","B","A","A","B","B","B",-,"A","B","A",-,-,"B","A","A","B",-,"A","B","B","B",-,"B","A","B","A","H",-,"B","B","A","B","B","B","B","H","B","A","A","B","B","B","B","B","B","B","B",-,"B","B","A","B","B","B","A",-,"B","A","A","A","A","B","H",-,"B","B","B","A",-,"B","B","B",-,"B","A","B","B","A","A","B","B","B","H","B","B","B","B","B",-,-,"B","A","A","B","B","A"
"9579976",4,57.95,"B","A","B","B","B","A","B","A","B","B","H","A","B","B","B","B","A","B","A","B","A","B","A","A","B","B","A","B","B","B","B","B","A","B","A","B","B","B","B","A","B","B","B","B","A","B","A","A","B","B","B","B","B","B","B","B","B","B","B","A","B","B","B","A","A","A","A","A","A","A","B","B","B","B","B","B","A","B",-,"B","A","A","B","A",-,"B","B","B","B","B","B","A","B","B","B","B","B","B","B","A",-,"A","B","B","A"
"44607545",4,60.06,"B","A","B","B","B","A","B","A","B","B","A","A","B","B","B","B","A","B","A","B","A","B","A","A","B","B","A","B","A","B","B","B","B","B","A","B","B","B","B","A","B","B","B","B","A","B","A","A","B","B","B","B","B","B","B","B","B","B","B","A","B","B","H","H","A","A","A","A","A","A","B","B","B","B","B","B","A","B","B","B","B","A","B","A","B","B","B","B","B","B","B","A","B","B","B","B","B","B","B","A","A","B","B","B","A"
"11325921",4,63.83,"B","A","B","B","B","A","B","A","B","B","B","A","B","B","B","B","A","B","A","B","A","B","A","A","B","B","A","A","A","B","B","B","B","A","A","A","B","B","B","A","B","B","B","B","A","B","A","A","B","B","B","B","A","B","B","B","B","B","B","A","B","A","B","A","A","A","A","A","A","A","B","B","B","B","B","B","A","B","B","B","H","A","B","A",-,"B","B","B","B","B","B","A","B","B","B","B","B","B","B","B",-,"B","B","B","A"
"11579700",4,64.35,"B","A","B","B","B","A","B",-,"B","B","B","A","B","B","B","B","A","B","A","B","A","B","A","A","B","B","A","A","A","B","B","B","B","A","A",-,"B","B","B","A","B","B","B","B","A","B","A","A",-,"B","B","B","B","B","B","B","B","B","B","A","B","A",-,"A","A","A","A","A",-,"A","B","B","B","B","B","B","A","B",-,"B","H","A","B","A",-,"B","B","B","B","B","B","A","B","B","B","B","B","B","B","B","A","B","B","B","A"
"MSAT4.18",4,67.07,"B","A","B","B","B","A","B","A","B","B","B","A","B","B","B","B","A","B","A","B","A","B","A","A","B","B","A","A","A","B","B","B","B","A","A","A","B","B","B","A","B","B","B","B","A","B","A","A","B","B","B","B","B","B","B","B","B","A","B","A","B","A","B","A","A","A","A","A","A","A","B","B","B","B","B","B","A","A","B","B","B","B","B","A","B","B","A","A","B","B","B","A","B","B","B","B","B","B","B","B","A","B","B","B","A"
"11984495",4,69.09,"B","A","B","B","B","A","B","A","B","B","B","A","B","B","B","B","A","B","A","B","A","B","B","A","B","B","A","A","A","B","B","B","B","A","A","A","B","B","B","A","B","B","B","B","A","B","A","A","B","B","B","B","B","B","B","B","B","A","B","A","B","A","B","A","A","A","A","A","A","A","B","B","B","B","B","B","A","A","B","B",-,"A","B","A",-,"B","B","B","B","B","B","A","B","B","B","B","B","B","B","B","A","B","B","B","A"
"12403706",4,69.62,"B","A","B","B","B","A","B","A","B","B","B","A","B","B","B","B",-,"B","A","B","A","B","B","A",-,"B","A","A","A","B","B","B","B","A","A","H","B","A","B","A","B","B","B","B","A","B","A","A","B","B","B","B","B","B","B","B","B","A","B","A","B","A",-,"A","A","A","A","A",-,"A","B","B","B","B","B",-,"A","A",-,"B","H","A","B","A",-,"B","B","B","B","B","B","A","H","B","B","B","B","B","B","B","A","B","B","B","A"
"21607184",4,73.48,-,"A","H",-,"B","A","B","A","B","B","B","A","A","B","B",-,"A","B","A",-,-,"B","B","A","B",-,"A","A","A","B",-,"B","B","A","A","B",-,"A","B","A","B","B","B","B","A","A","A","A","B","B","B","B","B","B","B","B",-,"A","B","A","B","A","B","A","A","A","A","A","A","A","B","B",-,"B","B","B","A",-,"B","B","B",-,"B","A","B","B","A","A","B","B","B","A","B","B","B","B","B",-,-,"B","A","B","B","B","A"
"44606289",4,78.37,-,"A","B",-,"B","A","B","A","B","B","B","A","A","B","B",-,"A","B","A",-,-,"B","B","A","B",-,"A","A","A","B",-,"B","B","A","B","B",-,"A","B","A","B","B","A","B","A","A","A","A","B","B","B","B","B","B","B","B",-,"A","B","A","B","A","B","A","A","A","A","A","B","A","A","B",-,"A","B","B","B",-,"B","B","B",-,"B","A","B","B","A","A","B","B","B","B","B","B","B","A","B",-,-,"B","A","B","B","B","A"
"15764920",4,82.13,"B","A","B","B","B","A","B","A","B","B","B","A","A","B","B","B","A","B","A","B","A","B","B","A","B","B","H","A","A","B","B","B","B","A","B","H","B","A","B","A","B","B","A","B","A","B","A","A","B","B","B","B","B","B","B","A","B","A","B","A","B","A","B","A","A","A","A","A","B","A","A","B","B","A","B","B","B","A","B","A","H","A","B","A",-,"B","B","B","B","B","B","B","B","B","A","A","B","B","A","B",-,"B","B","B","A"
"MSAT4.9",4,86.11,"B","A","B","B","B","A","B","A","B","B","B","A","A","B","B","B","A","B","A","B","A","B","A","A","B",-,"A","A","H","B","B","B",-,"A","B","A","A","A","B","A","B","B","A","B","A","B","A","A","B","B","B","B","B","B","B","A","B","A","B","A",-,"A",-,-,"A","A",-,"A",-,"A","A","B","B","A",-,"B","B","A","B","A","B","B","B","A","B","B","B","A","B","B","B","B","B","B","B","A","B","B","A","B","A","B","B","B","A"
"NGA1139",4,88.86,"B","A","B","B","B","A","B","A","B","B","B","A","A","B","B","B","A","B","A","B","A","A","B","A","B","B","A","A","A","B","B","B","B","A","B","A","B","A","B","A","B","B","A","B","A","B","A","A","B","B","B","B","B","B","B","A","B","A","B","A","B","A","B","A","A","A","A","A","B","A","A","B","B","A","B","B","B","A","B","A","B","B","A","A","B","B","B","A","B","B","B","B","B","B","A","A","B","B","A","B","A","B","B","B","A"
"17038096",4,91.96,"B","A","B","B","B","A","B","A","B","B","B","A","A","B","B","B","A","B","B","B","A","A","B","A","B","B","B","A","A","B","B","B","B","A","B","H","B","A","B","A","B","B","A","B","A","B","A","A","B","B","B","B","B","B","B","A","A","A","B","A","B","A","B","A","A","A","A","A","B","A","A","B","B","A","B","B","B","A","B","A","B","A","A","A",-,"B","B","B","B","B","B","B","B","B","A","A","B","B","A","B","A","B","A","B","A"
"44606688",4,95.63,-,"A","B",-,"B","A","B","A","B","B","B","A","A","B","B",-,"B","B","B",-,-,"A",-,"A","B",-,"B","A","B","A",-,"B","B","A","B","B",-,"A","B","A","B","B","A","B","A","B","A","A","B","B","H","B","B","B","B","A",-,"A","B","A","B","A","B","A","A","A","A","A","B","A","A","B",-,"A","B","B",-,-,"B","A","B",-,"A","A","B","B","B","A","B","H","B","H","B","B","A","A","B",-,-,"B","A","B","A","B","A"
"MSAT4.33",4,99.01,"B","A","B","B","B","A","B","B","B","B","B","A","A","B","B","B","B","B","B",-,"A","A","A","A","B",-,"B","A","B","A","B","B",-,"A","B","B","A","A","B","A","B","B","A","B","A","A","A","A","B","B","B","B","B","B","B","A","A","B","B","A",-,"A",-,-,"A","A",-,"A",-,"A","A","A","B","A","B","B","B","A",-,"A","B","B","B","A","B","B","B","A","B","B","B","B","B","B","A","A","B","B","A","B","A","B","A","B","A"
"nga1107",4,108.75,"B","H","B","B","B","A","A","B","B","B","B","A","A","B","H",-,"B","B","H","B","A","A","H","A","B","B","B","A","H","H","B","H",-,"A","H","H","H","A","B","A","H","H","A","B","A","A","H","A","H","B","B","B","H","B","B","A","A","H","B","B",-,"A",-,-,"A","A",-,"A",-,"A","A","A","B","A","H","H","B","A","B","A","A","B","B","H","B","B","B","B","B","B","B","B","B","B","A","A","B","B","H","H","A","H","A","A","A"
"MSAT4.37",4,117.59,"B","A","B","A","B","A","A","B","B","B","B","A","A","B","B","B","B","B","B","B","A","A","B","B",-,-,"B","A","B","A","B","B",-,"B","B","B","A","A","B","A","B","B","A","B","A","A","A","A","B","B","B","B","B","B","B","A","A","B","B","B",-,"A",-,-,"A","A",-,"A",-,"A","A","A","B","A","B","B","B","A","B","A","A","A","B","A","B","B","B","B","B","B","B","B","B","B","A","A","B","B","A","B","A","B","A","A","A"
"18560103",4,119.84,"B","A","B","A","B","A","A","B","B","B","B","A","A","B","B","B","B","B","B","B","A","A","B","B","B","B","B","A","B","B","B","B","B","B","B","B","B","A","B","A","B","B","A","B","A","A","A","A","B","B","B","B","B","B","B","A","A","B","B","B","B","A","B","A","A","A","A","A","B","A","A","A","B","A","B","B","B","A",-,"A","B","B","B","A",-,"B","B","B","B","B","B","B","B","B","A","A","B","B","A","B",-,"H","A","A","A"
"44607046",5,0,-,"A","B",-,"B","A","B","A","B",-,"A","B","A","B","B",-,"A","A","B",-,-,"H","A","B","A",-,"A","A","B","B",-,"A","A","B","A","B",-,"A","A","B","B","B","A","A","A","B","B","A","A","B","B","A","A","B","A","B",-,"B","A","A","A","A","A","H","B","A","B","A","A","A","B","B",-,"A","B","B","B",-,"A","B","B",-,"A","A","A","A","A","A","B","A","A","B","B","B","A","A","B",-,-,"B","B","A","A","B","A"
"625179",5,7.39,"A","A","H","B","B","A","A","A","B","A","B","B","A","B","A","B","A","A","B","A","B","B","A","B","A","A","A","B","B","B","A","A","A","B","A","B","B","A","A","A","B","B","A","A","B","B","B","A","A","B","A","B","A","B","A","B","A","B","A","A","A","A","A","B","B","A","B","A","A","A","B","B","A","A","B","B","B","A","A","B","A","A","A","A",-,"A","B","A","B","A","A","B","B","B","A","A","B","B","B","A","B","A","A","B","A"
"1213621",5,13.46,"A","A","H","B","B","A","B","A","B","A","A","B","A","B","A","B","A","A","B","A","B","B","A","B","A","A","A","A","B","B","A","A","A","A","A","B","A","A","A","A","B","B","A","A","B","B","B","A","A","B","A","B","A","B","A","B","A","B","A","A","A","A",-,"B","B","A","B","B",-,"A","B","B","A","A","A","B","B","A","A","B","B","A","A","A",-,"A","B","A","B","B","A","B","A","B","A","A","B","B","B","A","A","A","A","B","A"
"1496987",5,15.04,"A","A","H","B","B","A","B","A",-,"A","A","B","A",-,"A","B","A","A","B","A","B","A","A","B","A","A","A","A","B","B","A","A","B","A","A","B","A","A","A","B","B","B","A","A","B","B","B","A","A","B","A","B","A","B","A","B","A","B","A","A","A","A","A","B","B","A","B",-,"A","A","B","B","A","A","A","B","B","A",-,"B","B","A","A","A",-,"A","B","A","B","B","A","B","A","B","A","A","B","B","B","A","A","A","A","B","A"
"nga225",5,18.7,"A","H","H","B","B","A","B","A","B","A","A","B","A","B","A","B","A","A","B","A","B","H","A","B","A","A","A","B","B","B","A","A",-,"A",-,"B","A","A","A","B","B","B","A","A","H",-,"B",-,"A","B","A","H","A","B","A","B",-,"B","A","A",-,"A",-,-,"B","A",-,"B",-,"A","B","B","A","A","A","B","B","A","A","B","A","A","B","B","B","A","B","A","B","B","A","B","A","B","A","H","B","B","B","A","A","A","H","B","A"
"44607234",5,24.03,-,"A","B",-,"B","A","B","A","B","A","A","B","A","B","A",-,"A","A","B",-,-,"H","A","B","A",-,"A","H","B","B",-,"A","B","A","A","B",-,"A","A","B","B","B","A","A","A","B","B","A",-,"B",-,"A","A","B","A",-,-,"B","A","A","A","A","A","H","B","A","H","B","A","A","B","B",-,"B","A","B",-,-,"A",-,"B",-,"A","A","A","A","B","A","B","B","A",-,"A","B","A","A","H",-,-,"A","A","A","H","B","A"
"1931083",5,28.77,"A","A","A","B","B","A","B","A","B","A","A","B","A","B","A","B","A","A","B","A","B","A","A","B","A","A","A","A","B","A","B","A","B","A","A","B","A","A","A","B","B","B","A","A","B","B","B","A","A","B","A","B","A","B","A","A","A","B","A","A","A","A",-,"B","B","A","B","B","A","A","B","B","A","A","A","B","B","A","A","B","B","A","A","A",-,"A","B","A","B","B","A","B","A","B","A","A","B","B","B","A","A","A","A","B","A"
"NGA249",5,38.14,"A","A","A","B","B","A","B","A","B","A","A","A","A","B","B","B","A","A","B","B","B","B","B","B","A","A","A","B","B","A","B","A",-,"A","A","B","A","A","A","B","B","B","A","A","A","B","B","A","A","B","A","A","A","A","A","B","A","B","A",-,-,"A",-,-,"B","A",-,"B",-,"A","B","B","A","B","A","B","A","A","A","B","B","A","A","A","A","A","B","A","B","B","A","A",-,"B","A","B","B","B","B","A","A","A","B","B","A"
"21607402",5,38.79,-,"A","A",-,"A","A","B","A","B","A","A","A","A","B","B",-,"A","A","B",-,-,"B","B","B","A",-,"A","H","B","A",-,"A","B","A","A","B",-,"A","A","B","B","B","A","A","A","B","B","A","A","B",-,"A","A","A","A","B",-,"B","A","A","B","A","A","H","B","A","B","B","A","A","B","B",-,"H","A","B","A",-,"A","B","B",-,"A","A","A","A","B","A","B","B","A","A",-,"B","A",-,"B",-,-,"A","A","A","H","B","A"
"3606683",5,45.59,"A","A","B","B","B","A","B","A","B","A","H","A","A","B","B","B","A","A","B","B","B","H","B","B","A","A","A","B","B","A","A","A","A","A","A","B","A","A","A","B","B","B","A","A","B","B","B","A","A","B","A","B","A","A","A","A","A","B","A","A","B","A","A","B","B","A","B","B","A","A","B","B","A","A","A","B","A","A","A","B","B","A","A","A",-,"A","B","A","B","B","B","A","A","B","B","A","B","A","B","A",-,"A","A","B","A"
"44606159",5,50.73,-,"A","A",-,"A","A","A","A","B","A","A","A","A","B","B",-,"A","A","B",-,-,"H","B","B","A",-,"A","A","B","A",-,"A",-,"A","A","B",-,"A","A","B","B","B","A","A","A","B","B","A","A","B","A","A","A","A","A","A",-,"B","A","A","B","A","A","H","B","A","B","B","A","A","B","B",-,"H","A","B","A",-,"A","B","B",-,"A","A","A","A","B","A","B","B","B","A",-,"B","B",-,"B",-,-,"A","A","A","H","B","A"
"44607242",5,52.59,-,"A","A",-,"A","B","A","A","B","A","A","B","A","B","B",-,"A","A","B",-,-,"H","B","B","A",-,"A","A","B","A",-,"A","A","A","A","B",-,"A","A","B","B","B","A","A","A","B",-,"A","H","B","A","A","A","A","A","A",-,"B","A","A","B","A","A","H","B","A","B",-,"A","A","B","B",-,"H","A","B","A",-,"B","B","B",-,"A","A","A","A","B","A","B","B","B","A","A","B","B","A","B",-,-,"A","A","A","B","B","A"
"6707732",5,59.2,"A","A","A","A","B","B","B","A","B","A","H","B","A","B","B","B","B","A","B","B","B","H","B","B","A","A","A","A","B","A","A","A","A","A","A","B","B","A","A","B","B","B","B","A","A","B","B","A","A","B","A","A","A","A","A","A","A","B","A","A","B","A",-,"A","B","A","B","B",-,"A","B","B","A","A","A","B","A","A","A","A","B","A","B","A",-,"A","B","A","B","B","B","A","B","B","B","A","B","A","B","A","A","A","B","B","A"
"msat5.14",5,64.58,"A","A","H","A","H","H","A","A","B","A","A",-,"A","B","B","B","A","A","A","B","B","B","B","B","A","A","A","A","B","A","A","A",-,"A","A","B","A","A","A","B","B","B","A","A","A","B","B","A","A","B","A","A","A","A","A","A","A","B","A","A",-,"A",-,-,"B","A",-,"B",-,"A","B","B","A",-,"A","B","A","A","B","A","B","A","B","A","A","A","A","A","B","B","B","A","B","B","B","A","B","A","H","A","A","A","H","B","A"
"44606696",5,67.25,-,"A","A",-,"B","B","A","A","B","A","A","H","A","B","B",-,"A","A","A",-,-,"H","B","B","A",-,"A","H","B","A",-,"A","A","A","A","B",-,"A","A","B","B","B","A","A","A","B","B","A","A","B","A","A","A","A","A","A",-,"B","A","A","B","A","B","A","B","A","B","B","A","A","B","B",-,"H","A","B","A",-,"B","B","B",-,"B","A","A","A","B","A","B","B","B","A",-,"B","B",-,"B",-,-,"A","A","A",-,"B","A"
"nga139",5,73.71,"B","A","H","H","H","H","A","A","B","A","H","B","B","B","H","B","B","A","A","H","B","H","B","B","A","A","A","H","B","A","A","A",-,"A","A","B","A","A","A","B","H","B","H","A","A","H","B","A","A","B","A","B","A","A","A","A","A","H","A","A",-,"A",-,-,"H","A",-,"B",-,"A","B","B","A","A","A","B","A","A","H","B","B","A","H","A","A","A","B","A","H","B","B","A","H","B","B","H","B","A","B","A","A","A","H","B","A"
"21607148",5,83.11,-,"A","A",-,"B","B","A","A","B","A","A","B","B","B","B",-,"A","A","A",-,-,"H","B","B","A",-,"A","H","B","A",-,"A","A","A","A","B",-,"A","A","B","A","B","B","A","B","B","B","A","H","B","A","B","A","A","A","A",-,"B","A","A","B","A","B","A","B","A","B","B","A","A","A","B",-,"A","B","B","A",-,"B","B","B",-,"B","A","A","A","B","A","B","B","B","H","B","B","B","B","B",-,-,"A","A","A","B","B","B"
"44607668",5,88.9,-,-,"A",-,"B","B","A","A","B","A","A",-,"B","B","B",-,"A","B","B",-,-,"H","B","B","A",-,"A","H","B","A",-,"A","A","A","A","B",-,"A","A","B","A","B","B","A","H","B","A","A","A","H","A","B","A","A","A","A",-,"B","A","A","A","A","B","A","B","A",-,"B","A","A","A","B",-,"A","A","A","A",-,"B","B","B",-,"B","A","A","A","B","A","B","H","B","A","B","B","B","A","B",-,-,"A","A","A","B","B","B"
"msat5.22",5,95.77,-,-,"A","B","B",-,"A","A",-,"A","B","B",-,"B","B","B","A","B","B","B","A","B","B","B","A","A","B","A","B","A","A","A",-,"A","A","B","B","A","A","B","A",-,"A","A","B","B","A","A","A","A",-,-,"A","A","A","A","A","B",-,"A",-,"A",-,-,"B","B",-,"B",-,"A","A","B","B","A","A","A","A","A","B","A","B","A","B","A","A","A","B","A","B","B","A","B","B","B","B","A","B","H",-,"A","A","A","B","B","B"
"44606338",5,98.71,-,"A","H",-,"B","B","A","A","B","A","B","B","B","B","B",-,"A","B","B",-,-,"A","B","B","A",-,"B","H","B","A",-,"A","A","A","A","B",-,"A","A","A","A","B","B","A",-,"B","A","A","H","B","A","B","A","A","A","A",-,"B","A","A","A","A","B","A","B","B",-,-,"A","A","A","B",-,"A","A","A","A",-,"B","A","B",-,"B","A","A","A","B","A","B","B","A","B","B","B","B","A","B",-,-,"A","A","A","B","B","B"
"15065018",5,110.1,"B","A","A","B","B","B","B","A","B","A","A","B","B","A","B","B","A","B","B","B","A","B","A","B","B","A","A","B","B","A","A","B","A","A","A","B","B","A","A","A","A","B","A","A","B","B","A","A","B","B","A","B","A","A","A","A","A","B","A","A","B","A","B","A","B","B","B",-,"B","B","A","B","B","A","A","A","A","A",-,"A","B","A","B","A",-,"A","B","A","B","B","A","B","B","A","B","A","B","B","B","A",-,"A","B","A","A"
"15767914",5,111.63,"B","A","A","B","B","B","B","A","B","A","A","B","B","A","B","B","A","B","B","B","A","B","A","A","B","A","A","B","B","A","A","B","A","A","A","B","B","A","A","A","A","B","A","A","B","B","A","A","B","B","A","B","A","A","A","A","A","B","A","A","B","A","B","A","A","B","B","A","B","B","A","B","B","A","A","A","B","A",-,"A","B","A","B","A",-,"A","B","A","B","B","A","B","B","A","B","A","B","B","B","A",-,"A","B","A","A"
"44606452",5,118.52,-,"A",-,-,"A","B","A","A","B","A","B",-,"B","A","B",-,"A","B","B",-,-,-,"A","A","B",-,"B","H","B","A",-,"B","A","A","A",-,-,"A","A","A","A","B","A","A","H","B","A","A","B","A","A","B","A","A","A","A",-,"B","A","A","B","A","A","A","A","B","B","A","B","B","A",-,-,"A","A","A","H",-,"B","A","B",-,"B","A","B","A","B","A","B","B","A","H","A","B","B","A","B",-,-,"A","B","A","B","A","A"
"CIW9",5,121.46,-,-,"A","A","A","H","A","A",-,"A","B","B",-,"A","B","B","A","B","B","B","A",-,"A","A","B","A","B","B","B","A","A","B",-,"B","A","B","B","A","A","B","A","B","A","A","B","B","A","A","B","A","A","B","A","A","A","A","A","B","H","A",-,"A",-,-,"A","B",-,"A",-,"B","A","B","A","A","A","A","B","A","B",-,"B","A","B","A","B","A","B","A","B","B","A",-,"A","H","B","A","B","A","H","A","B","A","H","A","A"
"17171242",5,124.63,"B","A","A","A","B","B",-,"A","B","A","H","B","B","A","B","B","A","B","B","B","A","B","A","A","B","A","B","B","B","A","A","B",-,"B","A","B","B","A","A","B","A","B","B","A","B","B","A","A","B","A","A","B","A","A","A","A","A","B","A","A","B","A","B","A","A","B","B",-,"B","B","A",-,"B","A","A","A","B","A",-,"A","B","A","B","A",-,"A","B","A","B","B","A","B","A","B","B","A","B","A","B","A",-,"A","B","A","A"
"MSAT5.9",5,125.15,"B","A","A","A","B","B",-,"A","B","A","B","B","B","A","B","B","A","B","B","B","A","B","A","A","B","A","B","B","B","A","A","B","A","B","A","B","B","A","A","B","A","B","B","B","B","B","A","A","B","A","A","B","A","A","A","A","A","B","A","A","B","A","B","A","A","B","B","A","B","B","A","B","B","A","A","A","B","A","B","A","B","A","B","A","B","A","B","A","B","B","A","B","A","B","B","A","B","A","B","A","B","A","B","A","A"
"44607767",5,128.21,-,"A","H",-,"B","B","A","A","B","A","A","B","B","A","B",-,"A","B","B",-,-,"B","A","A","B",-,"A","B","B","A",-,"B",-,"B","A","B",-,"A","A","B","A","B","A","B","B","B","A","A","B","A","A","B","A","A","A","A",-,"B","A","A","B","A","B","A","A","B","B","A","B","B","B","B",-,"A","A","A","B",-,"B","A","B",-,"B","A","B","A","B","A","B","H","A","B","A","B","B","A","B",-,-,"A","B","A","A","A","A"
"19315950",5,133.63,"B","A","A","A","A","B",-,"A","B","A","A","A","B","A","B","B","A","B","B","B","A","B","A","B","B","A","B","B","B","A","A","B","A","B","A","B","B","A","A","B","A","B","A","B","B","B","A","A","B","A","A","B","A","B","A","A","A","B","B","A","A","A",-,"B","A","B","B",-,"B","B","B","B","B","A","A",-,"B","A",-,"A","B","A","B","A",-,"A","B","A","B","B","A","B","A","B","B","A","B","A","B","A","B","A","A","A","A"
"NGA129",5,137.45,"B","A","A","A","A","B","A","A","A","A","A","B","B","A","B","B","B","B","B","B","B","B","A","B","B","A","B","B","B","A","A","B","A","A","A","B","B","A","A","B","A","B","A","B","B","B","A","A","B","A","A","B","A","B","A","A","A","A","B","B","A","A","A","B","A","B","B","A","B","B","B","B","B","A","A","A","B","A","B","A","B","A","B","A","B","A","B","A","B","B","A","B","A","B","B","A","B","A","B","A","B","A","A","A","A"
"20915132",5,140.11,"B","A","A","A","B","B",-,"A","A","A","A","B","B","A","B","B","B","B","B","B","B","B","A","B","B","A","B","B","B","A","A","B","A","A","A","B","H","A","A","B","A","B","A","B","B","B","A","A","A","A","A","B","A","B","A","A","A","A","B","B","A","A",-,-,"A","B","B","A",-,"B","B","B","B","A","A","A","B","A","B","A","B","A","B","A",-,"A","A","A","A","B","A","B","A","B","B","A","B","A","B","B","B","A","A","A","A"
"msat5.12",5,146.31,"A","A","B","A","B","H","A","A","A","A","A","A","B","A","B","B","B","B","B","B","B","B","A","B","B",-,"B","B","B","A","A","B",-,"A","A","B","A","A","A","B","A","B","A","B","A","B","A","A","A","A","A","B","B","B","A","A","A","A","B","B",-,"A",-,-,"A",-,-,"A",-,"B","B","B","B","A","A","A","B","B","B","A","B","A","A","B","B","A","B","B","A","B","A","B","A","B","B","A",-,"A","B","B","B",-,"A","A","A"
"44607995",5,152.37,-,"A","B","B","B","B","A","A","A","B","A","A","B","A","B","B","B","B","B","B","B","B","A","B","B","A","B","B","B","A","A","B","B","A","A","B","A","A","A","B","A","B","A","B","B","B","A","A","A","A","A","B","A","B","A","A","B","A","B","B","A","A","B","B","A","B","B","A","B","B","B","B","B","A","A","A","B","B","B","A","B","B","A","A","B","A","B","B","A","A","A","B","A","B","B","A","B","A","B","B","B","A","A","B","B"
"22414510",5,154.45,"A","A","B","B","B","B",-,"A","A","B","A","A","B","A","B","B","B","B","B","B","B","B","A","B","B","A","B","B","B","A","A","B","B","A","A","B","A","A","A","B","A","B","A","B","B","B","A","A","A","A","A","B","A","B","A","A","B","A","B","B","A","A",-,"B","A","B","B","A",-,"A","B","B","B","A","A","A","B","B","B","A","B","B","A","A",-,"A","A","A","A","B","A","B","A","B","B","A","B","A","B","B","B","A","A","B","B"
"44606509",5,160.32,-,"A","B",-,"B","B","A","A","A","B","A",-,"B","A","B",-,"B","B","A",-,-,"H","A","B","A",-,"H","B","B","A",-,"B","B","H","A","B",-,"A","A","B","A","B","A","B","B","B","A","A","A","A","A","B","A","B","A","A",-,"A","B","B","A","A","B","B","A","B","A","A","B","B","B","H",-,"A","A","A","B",-,"B","A","B",-,"A","A","B","A","B","B","A","A","A","B","A","B","B","A","B",-,-,"B","B","A","A","B","B"
"LFY3",5,168.36,"B","A","B","B","B","B","A","A","A","B","A","A","B","A","B","B","B","A","A","B","B","B","A","B","A","H","H","B","B","B","A","H",-,"H","A","B","B","A","B","B","A","B","B","B","B","B","A","A","B","A","A","B","A","B","A","A","B","A","B","B",-,"A",-,-,"A","B",-,-,-,"H","A","A","B","A","A","A","B","B","B","A","B","A","A","A","B","A","B","B","H","B","A","B","A","B","B","A","B","A","A","H","A","B",-,"B","B"
"25301036",5,172.49,"B","A","B","B","B","B","B","A","A","B","A","A","B","A","B","B","B","A","A","B","B","B","A","B","A","A","B","B","B","B","A","A","B","A","A","B","B","A","B","B","A","B","B","B","B","B","A","A","B","B","A","B","A","B","A","A","B","A","B","B","A","A","B","B","A","B","A","A","B","B","B","A","B","A","A","A","B","B","B","A","B","B","A","A",-,"A","B","A","B","B","A","B","A","B","B","A","B","A","A",-,-,"B","B","B","B"
"MAF2KE",5,175.62,"B","A","B","B","B","B","B","A","A","B","A","A","A","A","B","B","B","A","A","B","B","B","A","B","A","A","B","B","B","B","A","B","B","A","A","A","B","A","B","B","A","A","B","B","B","A","A","A","B","B","A","B","A","B","A","A","B","A","B","B","A","A","B","B","A","B","A","A","B","B","B","A","B","A","A","A","B","B","B","A","B","B","B","A","B","A","B","A","B","B","A","B","A","B","B","A","B","A","A","A","A","B","B","B","B"
"M555",5,180.42,"B","A","B","B","B","B","B","A","A","B","A","A","A","A","B","B","B","A","B","B","B","B","A","B","A","A","B","B","B","B","A","B","B","B","A","A","B","A","B","B","A","A","B","A","B","A","B","A","B","B","A","B","A","B","A","A","B","A","A","B","A","A","B","B","A","B","A","A","B","A","A","A","B","A","A","A","B","B","B","A","B","B","B","H","B","H","B","B","B","B","A","B","A","B","B","A","A","A","A","A","A","B","B","B","B"
"PIE1",3,13.5227386483121,-,-,-,-,-,-,-,-,-,-,-,-,-,-,-,-,-,-,-,-,-,-,-,-,-,-,-,-,-,-,-,-,-,-,-,-,-,-,-,-,-,-,-,-,-,-,-,-,-,-,-,-,-,-,-,-,-,-,-,-,-,-,-,-,-,-,-,-,-,-,-,-,-,-,-,-,-,-,-,-,-,-,-,-,-,-,-,-,-,-,-,-,-,-,-,-,-,-,-,-,-,-,-,-,-
"GA5",4,72.9717349355046,-,-,-,-,-,-,-,-,-,-,-,-,-,-,-,-,-,-,-,-,-,-,-,-,-,-,-,-,-,-,-,-,-,-,-,-,-,-,-,-,-,-,-,-,-,-,-,-,-,-,-,-,-,-,-,-,-,-,-,-,-,-,-,-,-,-,-,-,-,-,-,-,-,-,-,-,-,-,-,-,-,-,-,-,-,-,-,-,-,-,-,-,-,-,-,-,-,-,-,-,-,-,-,-,-
